epoch,train_loss,train_ppl,val_loss,val_ppl
1,8.199549498570512,3639.31103515625,6.333582411445983,563.1704711914062
