epoch,train_loss,train_ppl,val_loss,val_ppl
1,8.261012782566278,3870.012451171875,6.433636969466018,622.4337158203125
